feature,importance
aqi_co,0.36156411382572645
aqi_pm25,0.2854269693608609
aqi_no2,0.20515308786201195
AQI_rolling_3h,0.07735628278416157
pm25,0.049125357589483436
no2,0.003665802872866268
pm25_rolling_6h,0.003440887352717312
pm25_lag_3h,0.0022397360433669446
pm10,0.001737523111729722
AQI_lag_1h,0.001686343583027723
aqi_o3,0.0016707231985168337
pm25_lag_24h,0.001286342111963991
aqi_pm10,0.0009888236989557644
pm25_rolling_3h,0.00069411600767068
no2_lag_1h,0.00046350310572905657
AQI_rolling_6h,0.00040592497398988
no2_lag_24h,0.0004034716095083814
co,0.0003124475273606539
pm10_rolling_12h,0.00025060112413888784
AQI_rolling_12h,0.00015649686736098336
no2_rolling_24h,0.00014870679875848941
pm25_lag_1h,0.00012763226308407297
pm25_rolling_24h,0.00012000137353402647
no2_rolling_12h,0.00011683819218733336
no2_lag_12h,9.93590492688386e-05
pm10_rolling_3h,9.25974516264181e-05
pm25_rolling_12h,9.104239851983383e-05
so2,8.998699465344e-05
pm10_lag_1h,8.821456978627939e-05
pm10_lag_12h,7.969199219661348e-05
pm10_lag_3h,7.220142371079565e-05
pm25_lag_12h,6.679058492177225e-05
no2_lag_3h,6.326528416557348e-05
pm10_rolling_6h,6.120229253161504e-05
AQI_lag_24h,5.660999334997951e-05
hour,5.401665588759538e-05
pm10_lag_24h,4.936334264129702e-05
pm10_lag_6h,4.852414400740626e-05
AQI_rolling_24h,4.816949700691518e-05
no2_rolling_6h,4.804443385291285e-05
temperature,4.50459455070542e-05
AQI_lag_3h,4.100849900938733e-05
AQI_lag_12h,3.787668822937798e-05
aqi_so2,3.680152746361501e-05
pm25_lag_6h,3.5961768200073625e-05
no2_rolling_3h,3.323972428288339e-05
AQI_lag_6h,3.3188142293439694e-05
no2_lag_6h,2.7875724554767228e-05
pm10_rolling_24h,2.3186396548867973e-05
o3,1.8173589779671332e-05
day_of_week,8.531708294495927e-06
is_rush_hour,4.278672610241026e-06
month,2.662196418585725e-06
is_weekend,1.3560699689633184e-06
